code,name
jaradniemi,Jarad Niemi
aaronrendahl,Aaron Rendahl
nicholaskeuler,Nick Keuler
nicholaskeuler,Nicholas Keuler
carlagoad,Carla Goad
brucecraig,Bruce Craig
clarkkogan,Clark Kogan
norabello,Nora Bello
norabello,Nora M. Bello
Julia Piaskowski,Julia Piaskowski
John Stevens,John Stevens
John Stevens,John R. Stevens
Dan Runcie,Dan Runcie
Dan Runcie,Daniel Runcie
Philip Dixon,Philip Dixon
Samuel Fernandes,Samuel Fernandes
Alex Lipka,Alex Lipka
Alex Lipka,Alexander E. Lipka
Huizi Wang,Huizi Wang
Walter Stroup,Walter Stroup
Walter Stroup,Walt Stroup
Guilherme Rosa,Guilherme Rosa
Kathleen Yeater,Kathleen Yeater
Kathleen Yeater,Kathleen M Yeater
Susan Durham,Susan Durham
Raul Macchiavelli,Raul Macchiavelli
Rob Tempelman,Rob Tempelman
Edzard van Santen,Edzard van Santen
Matt Kramer,Matt Kramer
William Bridges,William Bridges
Brian Rice,Brian Rice
Larry Madden,Larry Madden
Larry Madden,Laurence Madden
Larry Madden,Laurence V. Madden
Larry Madden,Laurence (Larry) Madden
Ed Gbur,Ed Gbur
Jun Zhu,Jun Zhu